sha256,url,sourceUrl,licence,photographer,photographerUrl,query,queryVariant,width,height,file
62a9b4624822aa896c97f5014ad413144428739effb80a32a66c69a18a9483a8,https://www.pexels.com/photo/portrait-of-a-business-professional-in-suit-37148308/,https://images.pexels.com/photos/37148308/pexels-photo-37148308.jpeg,Pexels License (https://www.pexels.com/license/),Vincent Santamaria,https://www.pexels.com/@vincent-santamaria-194760512,professional headshot,good,4000,6000,data/images/62a9b4624822aa896c97f5014ad413144428739effb80a32a66c69a18a9483a8.jpeg
09b77d2e9bf636d73173bb8e5dbdfb795c6532e13d3293cf1242658194729af2,https://www.pexels.com/photo/professional-studio-portrait-of-woman-29852852/,https://images.pexels.com/photos/29852852/pexels-photo-29852852.jpeg,Pexels License (https://www.pexels.com/license/),Ifeyinka Adeyemo,https://www.pexels.com/@ifeyinkastudios,professional headshot,good,4109,5136,data/images/09b77d2e9bf636d73173bb8e5dbdfb795c6532e13d3293cf1242658194729af2.jpeg
44c80c64eb1dd922b701c6164b87e0012a9152f06e3c7eac5e2d009806b896fe,https://www.pexels.com/photo/professional-headshot-of-confident-female-in-greenville-30004323/,https://images.pexels.com/photos/30004323/pexels-photo-30004323.jpeg,Pexels License (https://www.pexels.com/license/),Daniel & Hannah Snipes,https://www.pexels.com/@prolificpeople,professional headshot,good,4640,6960,data/images/44c80c64eb1dd922b701c6164b87e0012a9152f06e3c7eac5e2d009806b896fe.jpeg
16834f5e1510747778c48805814ea029252b5362eec7eaa72944ea79cb96d727,https://www.pexels.com/photo/professional-business-portrait-in-greenville-30004325/,https://images.pexels.com/photos/30004325/pexels-photo-30004325.jpeg,Pexels License (https://www.pexels.com/license/),Daniel & Hannah Snipes,https://www.pexels.com/@prolificpeople,professional headshot,good,4471,6706,data/images/16834f5e1510747778c48805814ea029252b5362eec7eaa72944ea79cb96d727.jpeg
56912e62e2b27a0ca1d2a2d3b6df8aafa2f1a6d33ba3fa3ca7f2e843c263ca67,https://www.pexels.com/photo/man-wearing-black-suit-on-white-background-12311572/,https://images.pexels.com/photos/12311572/pexels-photo-12311572.jpeg,Pexels License (https://www.pexels.com/license/),Joseph Eulo,https://www.pexels.com/@josepheulo-nyc,professional headshot,good,2432,3648,data/images/56912e62e2b27a0ca1d2a2d3b6df8aafa2f1a6d33ba3fa3ca7f2e843c263ca67.jpeg
4fe790fc4d394f52288f23a95d771f8748ed1b8bed5ce4d3b36860fbfb43d89b,https://www.pexels.com/photo/professional-corporate-headshot-of-smiling-woman-29852895/,https://images.pexels.com/photos/29852895/pexels-photo-29852895.jpeg,Pexels License (https://www.pexels.com/license/),Ifeyinka Adeyemo,https://www.pexels.com/@ifeyinkastudios,professional headshot,good,3575,4468,data/images/4fe790fc4d394f52288f23a95d771f8748ed1b8bed5ce4d3b36860fbfb43d89b.jpeg
5954b8813534bb031b08bbd4f638b1a58c5e5bb9954aac506cb9cbd65808d52a,https://www.pexels.com/photo/professional-portrait-of-smiling-woman-in-studio-38197025/,https://images.pexels.com/photos/38197025/pexels-photo-38197025.jpeg,Pexels License (https://www.pexels.com/license/),Tony Zohari,https://www.pexels.com/@tony-zohari-3296024,professional headshot,good,3648,5472,data/images/5954b8813534bb031b08bbd4f638b1a58c5e5bb9954aac506cb9cbd65808d52a.jpeg
851395055384b4f7d425c442bb23e712fe795e5b2c5db35c0515b3394f830dd0,https://www.pexels.com/photo/portrait-of-smiling-woman-in-business-attire-31869537/,https://images.pexels.com/photos/31869537/pexels-photo-31869537.jpeg,Pexels License (https://www.pexels.com/license/),Finn Gruber,https://www.pexels.com/@finn-gruber-2147533269,professional headshot,good,4000,6000,data/images/851395055384b4f7d425c442bb23e712fe795e5b2c5db35c0515b3394f830dd0.jpeg
48d35996dc4e22f59f30f58cbf3247f50d14f03573ab5181e5973aea28dacbc6,https://www.pexels.com/photo/contemplative-professional-in-a-suit-portrait-32844866/,https://images.pexels.com/photos/32844866/pexels-photo-32844866.jpeg,Pexels License (https://www.pexels.com/license/),Tran Nhu Tuan,https://www.pexels.com/@kooldark,professional headshot,good,2594,3888,data/images/48d35996dc4e22f59f30f58cbf3247f50d14f03573ab5181e5973aea28dacbc6.jpeg
c9c892a203d775886e39b5226dd6a5fe9cee11658c2ebc2752f395e5d4ac15db,https://www.pexels.com/photo/young-business-professional-portrait-outdoors-31409070/,https://images.pexels.com/photos/31409070/pexels-photo-31409070.jpeg,Pexels License (https://www.pexels.com/license/),Omar Tapia,https://www.pexels.com/@omar-tapia-129681804,professional headshot,good,3992,6000,data/images/c9c892a203d775886e39b5226dd6a5fe9cee11658c2ebc2752f395e5d4ac15db.jpeg
6c6ae9a013715629fa6ba7882b1e6ea54576a2bcc35e9d077b2145b5751ab14e,https://www.pexels.com/photo/professional-businessman-in-a-formal-suit-portrait-29995581/,https://images.pexels.com/photos/29995581/pexels-photo-29995581.jpeg,Pexels License (https://www.pexels.com/license/),Tran Nhu Tuan,https://www.pexels.com/@kooldark,professional headshot,good,3146,4719,data/images/6c6ae9a013715629fa6ba7882b1e6ea54576a2bcc35e9d077b2145b5751ab14e.jpeg
dc373f67212d08bbe225f7ddce2a0a586f69deff5ec87bdbd59d293ea2800206,https://www.pexels.com/photo/confident-woman-in-black-outfit-portrait-30198184/,https://images.pexels.com/photos/30198184/pexels-photo-30198184.jpeg,Pexels License (https://www.pexels.com/license/),Biola Visuals,https://www.pexels.com/@biola-visuals-415017893,professional headshot,good,3866,5795,data/images/dc373f67212d08bbe225f7ddce2a0a586f69deff5ec87bdbd59d293ea2800206.jpeg
7477d3bb8da413b47953b2f00d8de932d217dfae8cd2d2ca59ed5c53048845c5,https://www.pexels.com/photo/confident-businessman-in-modern-office-setting-38453564/,https://images.pexels.com/photos/38453564/pexels-photo-38453564.jpeg,Pexels License (https://www.pexels.com/license/),xomidov  Photo,https://www.pexels.com/@xomidov,corporate portrait,good,3348,5020,data/images/7477d3bb8da413b47953b2f00d8de932d217dfae8cd2d2ca59ed5c53048845c5.jpeg
af330b9d632a187946660a61c0217425d7ec1f5ef38f58ad3dd3706d7b8a93e0,https://www.pexels.com/photo/man-in-white-dress-shirt-holding-smartphone-5583988/,https://images.pexels.com/photos/5583988/pexels-photo-5583988.jpeg,Pexels License (https://www.pexels.com/license/),Antoni Shkraba,https://www.pexels.com/@shkrabaanthony,corporate portrait,good,4000,6000,data/images/af330b9d632a187946660a61c0217425d7ec1f5ef38f58ad3dd3706d7b8a93e0.jpeg
f1477761924e80d2fb919f07bce06b9f6ad6a42fc86cd198670c5ff2fdc9211d,https://www.pexels.com/photo/woman-in-formalwear-11655430/,https://images.pexels.com/photos/11655430/pexels-photo-11655430.jpeg,Pexels License (https://www.pexels.com/license/),Jay Imagery,https://www.pexels.com/@jay-imagery-188977456,corporate portrait,good,3744,5616,data/images/f1477761924e80d2fb919f07bce06b9f6ad6a42fc86cd198670c5ff2fdc9211d.jpeg
24c9e0a52ec303428e6e1bf49d888acd55e6e76695bdb5a562faf21283d05428,https://www.pexels.com/photo/professional-portrait-of-a-businesswoman-29995646/,https://images.pexels.com/photos/29995646/pexels-photo-29995646.jpeg,Pexels License (https://www.pexels.com/license/),Tran Nhu Tuan,https://www.pexels.com/@kooldark,corporate portrait,good,2863,4294,data/images/24c9e0a52ec303428e6e1bf49d888acd55e6e76695bdb5a562faf21283d05428.jpeg
e81fda38cb457c380c2aa3c8db70706c382b06855418e89891acf31a6ff56e4c,https://www.pexels.com/photo/man-in-black-suit-jacket-10031556/,https://images.pexels.com/photos/10031556/pexels-photo-10031556.jpeg,Pexels License (https://www.pexels.com/license/),Hải Anh,https://www.pexels.com/@h-i-anh-127251498,corporate portrait,good,3839,5669,data/images/e81fda38cb457c380c2aa3c8db70706c382b06855418e89891acf31a6ff56e4c.jpeg
5c2d76c9ae6be132d41b4883c8d9fce3dbcc746d6ebf133e9c07eea20bcb10c6,https://www.pexels.com/photo/brunette-woman-in-suit-posing-with-pen-in-hands-27015641/,https://images.pexels.com/photos/27015641/pexels-photo-27015641.jpeg,Pexels License (https://www.pexels.com/license/),Eric Moura,https://www.pexels.com/@eric-moura-859101902,corporate portrait,good,3456,4463,data/images/5c2d76c9ae6be132d41b4883c8d9fce3dbcc746d6ebf133e9c07eea20bcb10c6.jpeg
46accb1f925418b8463f13adc9b1bd7c3bb91a8cdfdce19ee71c0b66986cd69b,https://www.pexels.com/photo/confident-businessman-in-formal-suit-portrait-29995605/,https://images.pexels.com/photos/29995605/pexels-photo-29995605.jpeg,Pexels License (https://www.pexels.com/license/),Tran Nhu Tuan,https://www.pexels.com/@kooldark,corporate portrait,good,3117,4675,data/images/46accb1f925418b8463f13adc9b1bd7c3bb91a8cdfdce19ee71c0b66986cd69b.jpeg
b8e7e1392652fdeb705e5c52bd3556ba672245de9ea7ac0974cdd69b97845a31,https://www.pexels.com/photo/a-woman-in-a-business-suit-smiling-27086922/,https://images.pexels.com/photos/27086922/pexels-photo-27086922.jpeg,Pexels License (https://www.pexels.com/license/),Helena Lopes,https://www.pexels.com/@helenalopes,corporate portrait,good,3648,5472,data/images/b8e7e1392652fdeb705e5c52bd3556ba672245de9ea7ac0974cdd69b97845a31.jpeg
8e617dd5da1d68e1d30dbdc2f9f8d0135b9e86962f14e19cccaac6e2c07bb22b,https://www.pexels.com/photo/portrait-of-a-businessman-in-a-suit-17049771/,https://images.pexels.com/photos/17049771/pexels-photo-17049771.jpeg,Pexels License (https://www.pexels.com/license/),Tran Nhu Tuan,https://www.pexels.com/@kooldark,corporate portrait,good,2841,4261,data/images/8e617dd5da1d68e1d30dbdc2f9f8d0135b9e86962f14e19cccaac6e2c07bb22b.jpeg
816937b7050874fb48ab380f484103a3008a4b16654fac472ce0fc3227dfdcc9,https://www.pexels.com/photo/business-meeting-28186652/,https://images.pexels.com/photos/28186652/pexels-photo-28186652.jpeg,Pexels License (https://www.pexels.com/license/),Halid Elosman,https://www.pexels.com/@halid-elosman-3328515,corporate portrait,good,2730,4096,data/images/816937b7050874fb48ab380f484103a3008a4b16654fac472ce0fc3227dfdcc9.jpeg
89a0e0e9f41833cd729f59b1738f7b9d5f344d80f2121e0b5afa3dd1ed27e27c,https://www.pexels.com/photo/full-length-portrait-of-man-standing-in-corridor-325685/,https://images.pexels.com/photos/325685/pexels-photo-325685.jpeg,Pexels License (https://www.pexels.com/license/),Rene Terp,https://www.pexels.com/@reneterp,corporate portrait,good,3840,5760,data/images/89a0e0e9f41833cd729f59b1738f7b9d5f344d80f2121e0b5afa3dd1ed27e27c.jpeg
17a7986e9454758e31cff58730c120fa7519c8d17d159b592f4667611658b961,https://www.pexels.com/photo/professional-portrait-of-a-businessman-in-suit-31880922/,https://images.pexels.com/photos/31880922/pexels-photo-31880922.jpeg,Pexels License (https://www.pexels.com/license/),Wasin Pirom,https://www.pexels.com/@wasinpirom,business headshot,good,3312,4968,data/images/17a7986e9454758e31cff58730c120fa7519c8d17d159b592f4667611658b961.jpeg
011306a43681f3c35f11b405b4588f3f42c539e911c1850eb5b7ce48ddade415,https://www.pexels.com/photo/portrait-of-a-smiling-man-with-a-mustache-12311567/,https://images.pexels.com/photos/12311567/pexels-photo-12311567.jpeg,Pexels License (https://www.pexels.com/license/),Joseph Eulo,https://www.pexels.com/@josepheulo-nyc,business headshot,good,2432,3648,data/images/011306a43681f3c35f11b405b4588f3f42c539e911c1850eb5b7ce48ddade415.jpeg
56ec26e79adc4f6d6f06709b3495a32b66bf7ec7b483a327b72de33ffe38e35e,https://www.pexels.com/photo/man-in-gray-suit-wearing-eyeglasses-10816007/,https://images.pexels.com/photos/10816007/pexels-photo-10816007.jpeg,Pexels License (https://www.pexels.com/license/),Prince ‎,https://www.pexels.com/@realprince,business headshot,good,3000,4500,data/images/56ec26e79adc4f6d6f06709b3495a32b66bf7ec7b483a327b72de33ffe38e35e.jpeg
8a3174bbbaf7b161bfa50e0e8d4ba98cf2eff7f6e2e569d6447142325f15b43c,https://www.pexels.com/photo/professional-young-man-in-business-attire-with-glasses-30496625/,https://images.pexels.com/photos/30496625/pexels-photo-30496625.jpeg,Pexels License (https://www.pexels.com/license/),King Cyrus  Studios,https://www.pexels.com/@kingcyrusstudios,business headshot,good,4480,5600,data/images/8a3174bbbaf7b161bfa50e0e8d4ba98cf2eff7f6e2e569d6447142325f15b43c.jpeg
d4ccebec8b152a7d4ac2c1557e498f64664f3a7328838b198972503344793c4e,https://www.pexels.com/photo/portrait-of-a-man-in-a-black-suit-14589344/,https://images.pexels.com/photos/14589344/pexels-photo-14589344.jpeg,Pexels License (https://www.pexels.com/license/),Amir Saeid Dehghan,https://www.pexels.com/@amirsaeiddehghan,business headshot,good,2832,4256,data/images/d4ccebec8b152a7d4ac2c1557e498f64664f3a7328838b198972503344793c4e.jpeg
7984493e6735a3ba9ad2fdf03653a97786aada309f7d960fba9b4386d95e31ea,https://www.pexels.com/photo/portrait-of-smiling-man-in-shirt-18032391/,https://images.pexels.com/photos/18032391/pexels-photo-18032391.jpeg,Pexels License (https://www.pexels.com/license/),Salvador Olague,https://www.pexels.com/@salvador-olague-682304070,business headshot,good,3648,5472,data/images/7984493e6735a3ba9ad2fdf03653a97786aada309f7d960fba9b4386d95e31ea.jpeg
0ebe73ef2e3b3feafd0af8c9b3af0022c2e04ef08a4bbdde25f65748d09e6726,https://www.pexels.com/photo/portrait-of-a-man-with-his-arms-crossed-26834972/,https://images.pexels.com/photos/26834972/pexels-photo-26834972.jpeg,Pexels License (https://www.pexels.com/license/),Bhandari Law and Partners,https://www.pexels.com/@bhandari-law-and-partners-1470175070,business headshot,good,3952,5928,data/images/0ebe73ef2e3b3feafd0af8c9b3af0022c2e04ef08a4bbdde25f65748d09e6726.jpeg
8aed2a6b107da2d98cab2c1986e780ffa31fb1640aaa0a13633cc23304115e54,https://www.pexels.com/photo/confident-photographer-holding-camera-30133727/,https://images.pexels.com/photos/30133727/pexels-photo-30133727.jpeg,Pexels License (https://www.pexels.com/license/),Sydney Sang,https://www.pexels.com/@urfriendlyphotog,business headshot,good,3221,4832,data/images/8aed2a6b107da2d98cab2c1986e780ffa31fb1640aaa0a13633cc23304115e54.jpeg
c16dcfc869d89b6bb4a1c0086f2e5609fa3e5d989947f3bcfc2dad5d0c6d08a5,https://www.pexels.com/photo/elegant-portrait-of-a-young-woman-36215318/,https://images.pexels.com/photos/36215318/pexels-photo-36215318.jpeg,Pexels License (https://www.pexels.com/license/),Daniil Kondrashin,https://www.pexels.com/@konrads-photo,business headshot,good,3523,5285,data/images/c16dcfc869d89b6bb4a1c0086f2e5609fa3e5d989947f3bcfc2dad5d0c6d08a5.jpeg
f6567c5958a45543e6acf1a99f7bc0904200270e1e9d6813db8908394cf16321,https://www.pexels.com/photo/man-wearing-black-suit-on-white-background-12311549/,https://images.pexels.com/photos/12311549/pexels-photo-12311549.jpeg,Pexels License (https://www.pexels.com/license/),Joseph Eulo,https://www.pexels.com/@josepheulo-nyc,business headshot,good,3648,5472,data/images/f6567c5958a45543e6acf1a99f7bc0904200270e1e9d6813db8908394cf16321.jpeg
8ba707f7d869b62296dd92e94d8fe4cd562b163f3801368fdf6990ce0d62b546,https://www.pexels.com/photo/portrait-of-a-man-wearing-white-shirt-16686151/,https://images.pexels.com/photos/16686151/pexels-photo-16686151.jpeg,Pexels License (https://www.pexels.com/license/),Noemí Jiménez,https://www.pexels.com/@noemiji,business headshot,good,3456,5184,data/images/8ba707f7d869b62296dd92e94d8fe4cd562b163f3801368fdf6990ce0d62b546.jpeg
037c8f2c94dee7c0288b666815a018587bd149cc3533f814ceda4c8eb39ca7ab,https://www.pexels.com/photo/professional-female-portrait-in-casual-attire-30712828/,https://images.pexels.com/photos/30712828/pexels-photo-30712828.jpeg,Pexels License (https://www.pexels.com/license/),Uiliam Nörnberg,https://www.pexels.com/@uiliamnornberg,linkedin profile photo,good,4140,5796,data/images/037c8f2c94dee7c0288b666815a018587bd149cc3533f814ceda4c8eb39ca7ab.jpeg
c114b33c18700734ad46b1ea0a3bc6065e0e6f2510021110e621f12fe6a2c98e,https://www.pexels.com/photo/confident-man-in-blue-business-suit-portrait-37828831/,https://images.pexels.com/photos/37828831/pexels-photo-37828831.jpeg,Pexels License (https://www.pexels.com/license/),Alfredo Lau-Tam,https://www.pexels.com/@alfredo-lau-tam-1776631537,linkedin profile photo,good,4000,6000,data/images/c114b33c18700734ad46b1ea0a3bc6065e0e6f2510021110e621f12fe6a2c98e.jpeg
7a42e2b4b40a40ef59d4aa62952420875aad81f4b16c4086e89afcf45421e1a4,https://www.pexels.com/photo/portrait-of-a-bearded-man-18006815/,https://images.pexels.com/photos/18006815/pexels-photo-18006815.jpeg,Pexels License (https://www.pexels.com/license/),Hussein Test,https://www.pexels.com/@hussein-test-694029355,linkedin profile photo,good,4472,4475,data/images/7a42e2b4b40a40ef59d4aa62952420875aad81f4b16c4086e89afcf45421e1a4.jpeg
8e4c5f54d8ff8200ec5a6b986db0777193fb0ea36d87398710b0cdc6518d9192,https://www.pexels.com/photo/close-up-shot-of-a-man-in-gray-polo-shirt-smiling-13026081/,https://images.pexels.com/photos/13026081/pexels-photo-13026081.jpeg,Pexels License (https://www.pexels.com/license/),Luciana Mesquita,https://www.pexels.com/@luciana-mesquita-280718243,linkedin profile photo,good,3744,5616,data/images/8e4c5f54d8ff8200ec5a6b986db0777193fb0ea36d87398710b0cdc6518d9192.jpeg
b4a47a6dedd11492e62dc99de04030bc58ddcb8795a63588008ea5e952a0185e,https://www.pexels.com/photo/woman-in-black-sleeveless-shirt-and-blue-denim-jeans-standing-on-white-floor-tiles-3861971/,https://images.pexels.com/photos/3861971/pexels-photo-3861971.jpeg,Pexels License (https://www.pexels.com/license/),ThisIsEngineering,https://www.pexels.com/@thisisengineering,linkedin profile photo,good,5262,7889,data/images/b4a47a6dedd11492e62dc99de04030bc58ddcb8795a63588008ea5e952a0185e.jpeg
9f616902b22a4feb33fac31963ee916dd66cd6f6745dd68656e3ea50acc8cd00,https://www.pexels.com/photo/linkedin-page-on-cellphone-screen-16450745/,https://images.pexels.com/photos/16450745/pexels-photo-16450745.jpeg,Pexels License (https://www.pexels.com/license/),Airam Dato-on,https://www.pexels.com/@airamdphoto,linkedin profile photo,good,1982,2973,data/images/9f616902b22a4feb33fac31963ee916dd66cd6f6745dd68656e3ea50acc8cd00.jpeg
ee9b45a86659c38009ef975601031671304cf4249c2bf823e1eb6f80277dddcd,https://www.pexels.com/photo/smiling-woman-holding-canva-sign-on-blue-background-29627321/,https://images.pexels.com/photos/29627321/pexels-photo-29627321.jpeg,Pexels License (https://www.pexels.com/license/),Viridiana Rivera,https://www.pexels.com/@viridianaor,linkedin profile photo,good,4672,6029,data/images/ee9b45a86659c38009ef975601031671304cf4249c2bf823e1eb6f80277dddcd.jpeg
9b902743ae56f447e3db9b1970f12ebf62615a134de5f9bff090f4760ec81ded,https://www.pexels.com/photo/professional-man-in-thoughtful-pose-portrait-31631644/,https://images.pexels.com/photos/31631644/pexels-photo-31631644.jpeg,Pexels License (https://www.pexels.com/license/),Wesley  Novais,https://www.pexels.com/@wesley-novais-2150620479,linkedin profile photo,good,2826,4239,data/images/9b902743ae56f447e3db9b1970f12ebf62615a134de5f9bff090f4760ec81ded.jpeg
89432ddb304b80a65e9cec5522b2412c403c17e610f1b325ada3060d0835b12e,https://www.pexels.com/photo/formal-woman-27039505/,https://images.pexels.com/photos/27039505/pexels-photo-27039505.jpeg,Pexels License (https://www.pexels.com/license/),Manar Rajeep,https://www.pexels.com/@mer0omex,linkedin profile photo,good,4000,6000,data/images/89432ddb304b80a65e9cec5522b2412c403c17e610f1b325ada3060d0835b12e.jpeg
17e9c8b305320a88c5eea7866616518dbb45234c90778c435116d0f5a2bf33c4,https://www.pexels.com/photo/portrait-of-a-pretty-brunette-wearing-a-black-jacket-20268946/,https://images.pexels.com/photos/20268946/pexels-photo-20268946.jpeg,Pexels License (https://www.pexels.com/license/),Alejandro Aznar,https://www.pexels.com/@alejandro-aznar-155337093,linkedin profile photo,good,4000,6000,data/images/17e9c8b305320a88c5eea7866616518dbb45234c90778c435116d0f5a2bf33c4.jpeg
bf20f7124bd73f8ff3cf31ab304f95084203350077de2a51829cab82b9868722,https://www.pexels.com/photo/photo-of-a-man-with-eyeglasses-wearing-a-blue-suit-6204162/,https://images.pexels.com/photos/6204162/pexels-photo-6204162.jpeg,Pexels License (https://www.pexels.com/license/),Steve Zachariah,https://www.pexels.com/@steve-zachariah-11922304,linkedin profile photo,good,5232,6219,data/images/bf20f7124bd73f8ff3cf31ab304f95084203350077de2a51829cab82b9868722.jpeg
7c4f0dd8bee3f5740728e89f46a532401f63278cee264caee064888d96a84970,https://www.pexels.com/photo/casual-portrait-of-smiling-woman-outdoors-34683918/,https://images.pexels.com/photos/34683918/pexels-photo-34683918.jpeg,Pexels License (https://www.pexels.com/license/),Mustang Dinesh,https://www.pexels.com/@mustang-dinesh-17121764,casual portrait,mediocre,4000,6000,data/images/7c4f0dd8bee3f5740728e89f46a532401f63278cee264caee064888d96a84970.jpeg
3d773c59eb0d72cbb9cc74a29d7a2afcc19907490d87c32192625c6e7d0b7148,https://www.pexels.com/photo/portrait-of-a-smiling-young-woman-by-a-stone-wall-35555305/,https://images.pexels.com/photos/35555305/pexels-photo-35555305.jpeg,Pexels License (https://www.pexels.com/license/),DΛVΞ GΛRCIΛ,https://www.pexels.com/@davegarcia,casual portrait,mediocre,2800,4200,data/images/3d773c59eb0d72cbb9cc74a29d7a2afcc19907490d87c32192625c6e7d0b7148.jpeg
a91fa412021555aecc57c05517c774be23ba655322f094e7b174d18f05ad40a5,https://www.pexels.com/photo/smiling-woman-relaxing-at-mosaic-table-31853069/,https://images.pexels.com/photos/31853069/pexels-photo-31853069.jpeg,Pexels License (https://www.pexels.com/license/),Michael Obstoj,https://www.pexels.com/@michael-obstoj-1772571864,casual portrait,mediocre,4757,7135,data/images/a91fa412021555aecc57c05517c774be23ba655322f094e7b174d18f05ad40a5.jpeg
a4c943c486808581c4dda1d3cb42b532f29178f307cd44aefd7406c0ff78f981,https://www.pexels.com/photo/man-in-white-and-blue-pinstripe-dress-shirt-12871465/,https://images.pexels.com/photos/12871465/pexels-photo-12871465.jpeg,Pexels License (https://www.pexels.com/license/),Skildring by Andreas Ellegaard,https://www.pexels.com/@skildring,casual portrait,mediocre,4211,7487,data/images/a4c943c486808581c4dda1d3cb42b532f29178f307cd44aefd7406c0ff78f981.jpeg
52fcdb7e382b6c2b5adfaac4c12f70714ac5b93cb80abe704612ff47714052f6,https://www.pexels.com/photo/casual-portrait-of-smiling-woman-in-studio-31747504/,https://images.pexels.com/photos/31747504/pexels-photo-31747504.jpeg,Pexels License (https://www.pexels.com/license/),Oliver Dohrn,https://www.pexels.com/@oliver-dohrn-706160180,casual portrait,mediocre,3456,5184,data/images/52fcdb7e382b6c2b5adfaac4c12f70714ac5b93cb80abe704612ff47714052f6.jpeg
4c79896ae2dcf8d5dba0264460f0d2f5f68ddf1513f641fb7a884d39db7df071,https://www.pexels.com/photo/woman-in-summer-dress-leaning-on-stone-wall-33915249/,https://images.pexels.com/photos/33915249/pexels-photo-33915249.jpeg,Pexels License (https://www.pexels.com/license/),KAWENY DENYELE,https://www.pexels.com/@kaweny-denyele-2151301623,casual portrait,mediocre,3200,4800,data/images/4c79896ae2dcf8d5dba0264460f0d2f5f68ddf1513f641fb7a884d39db7df071.jpeg
213a6f65ae5c97d07dd624392710c33f199c1cbda2d04898cb521328009195e2,https://www.pexels.com/photo/smiling-young-man-in-red-shirt-portrait-37159572/,https://images.pexels.com/photos/37159572/pexels-photo-37159572.jpeg,Pexels License (https://www.pexels.com/license/),hartono subagio,https://www.pexels.com/@hartonosbg,casual portrait,mediocre,5304,7952,data/images/213a6f65ae5c97d07dd624392710c33f199c1cbda2d04898cb521328009195e2.jpeg
5331a4d18c6298209dd4371133e2a26999e64b8a5f57124cc87eeabc409d1f39,https://www.pexels.com/photo/smiling-young-woman-against-stone-wall-35555299/,https://images.pexels.com/photos/35555299/pexels-photo-35555299.jpeg,Pexels License (https://www.pexels.com/license/),DΛVΞ GΛRCIΛ,https://www.pexels.com/@davegarcia,casual portrait,mediocre,2800,4200,data/images/5331a4d18c6298209dd4371133e2a26999e64b8a5f57124cc87eeabc409d1f39.jpeg
ac901de5015c0593e4e5fc12d8da466f3b41fa42556bf06857d5ae160f803e49,https://www.pexels.com/photo/elegant-woman-in-formal-blazer-leaning-on-a-brick-column-6171664/,https://images.pexels.com/photos/6171664/pexels-photo-6171664.jpeg,Pexels License (https://www.pexels.com/license/),Thành Đỗ,https://www.pexels.com/@dothanhyb,casual portrait,mediocre,4000,6000,data/images/ac901de5015c0593e4e5fc12d8da466f3b41fa42556bf06857d5ae160f803e49.jpeg
eebc839f5ab7ed2c434ebf117e13ab11d2c78a9c2d7dfc065bbfc3fca2617587,https://www.pexels.com/photo/young-woman-in-floral-shirt-wearing-eyeglasses-leaning-on-a-metal-railing-8373363/,https://images.pexels.com/photos/8373363/pexels-photo-8373363.jpeg,Pexels License (https://www.pexels.com/license/),Jeff Vinluan,https://www.pexels.com/@jeff-vinluan-20921030,casual portrait,mediocre,3599,5399,data/images/eebc839f5ab7ed2c434ebf117e13ab11d2c78a9c2d7dfc065bbfc3fca2617587.jpeg
a51346412e1ac2c13eb28bc0600cdfd5617c74b615de23e4fac688d929aea217,https://www.pexels.com/photo/casual-portrait-of-man-against-red-wall-36511054/,https://images.pexels.com/photos/36511054/pexels-photo-36511054.jpeg,Pexels License (https://www.pexels.com/license/),Mert Coşkun,https://www.pexels.com/@mertcoskunraw,casual portrait,mediocre,3859,5788,data/images/a51346412e1ac2c13eb28bc0600cdfd5617c74b615de23e4fac688d929aea217.jpeg
8ab8ff51af8a318b9fd6e3182bd06e48eacf2155c89beb03ab0cb38542cc3467,https://www.pexels.com/photo/portrait-of-a-man-in-casual-attire-with-green-background-36904563/,https://images.pexels.com/photos/36904563/pexels-photo-36904563.jpeg,Pexels License (https://www.pexels.com/license/),Ali  Jafar,https://www.pexels.com/@ali-jafar-851025332,casual portrait,mediocre,4000,6000,data/images/8ab8ff51af8a318b9fd6e3182bd06e48eacf2155c89beb03ab0cb38542cc3467.jpeg
91a4dbc6af37a3e566de587018fe92f2d1f1b7e9bda65a3183d00c32895f7c6d,https://www.pexels.com/photo/portrait-of-woman-leaning-against-tree-outdoors-28831298/,https://images.pexels.com/photos/28831298/pexels-photo-28831298.jpeg,Pexels License (https://www.pexels.com/license/),Murat IŞIK,https://www.pexels.com/@bymuratisikofficial,outdoor portrait person,mediocre,4000,6000,data/images/91a4dbc6af37a3e566de587018fe92f2d1f1b7e9bda65a3183d00c32895f7c6d.jpeg
a7819b3b8f7c5a29faff4f74128958ac903b05d9b8b35a2b5c8139694f2fa5ba,https://www.pexels.com/photo/smiling-woman-wearing-a-black-top-14653746/,https://images.pexels.com/photos/14653746/pexels-photo-14653746.jpeg,Pexels License (https://www.pexels.com/license/),Prasanth Inturi,https://www.pexels.com/@prasanthinturi,outdoor portrait person,mediocre,3265,4898,data/images/a7819b3b8f7c5a29faff4f74128958ac903b05d9b8b35a2b5c8139694f2fa5ba.jpeg
55fb47973804089d5b0bf53247e3f90f5622879006433310eb7f9fd541960e0e,https://www.pexels.com/photo/young-woman-in-black-dress-relaxing-in-spring-park-30353120/,https://images.pexels.com/photos/30353120/pexels-photo-30353120.jpeg,Pexels License (https://www.pexels.com/license/),Anna Lalala,https://www.pexels.com/@anna-lalala-2148944021,outdoor portrait person,mediocre,3108,4656,data/images/55fb47973804089d5b0bf53247e3f90f5622879006433310eb7f9fd541960e0e.jpeg
bcdfc9c1d347a1ce45dec5ec5f15f7b8642ab996dd4f0c45879478a5d08eb639,https://www.pexels.com/photo/portrait-of-woman-in-jacket-20644128/,https://images.pexels.com/photos/20644128/pexels-photo-20644128.jpeg,Pexels License (https://www.pexels.com/license/),PREM GS,https://www.pexels.com/@prem-gs-3404648,outdoor portrait person,mediocre,4000,6000,data/images/bcdfc9c1d347a1ce45dec5ec5f15f7b8642ab996dd4f0c45879478a5d08eb639.jpeg
acb1f091a746e30acbcc7f1f423ab05620eb6a9ae62fecf8471a2b27293ad41e,https://www.pexels.com/photo/smiling-woman-in-black-shirt-outdoors-36093241/,https://images.pexels.com/photos/36093241/pexels-photo-36093241.jpeg,Pexels License (https://www.pexels.com/license/),Mehti Jabari,https://www.pexels.com/@mehti-jabari-2159306421,outdoor portrait person,mediocre,4000,6000,data/images/acb1f091a746e30acbcc7f1f423ab05620eb6a9ae62fecf8471a2b27293ad41e.jpeg
0786231d221d41072f47ffecede36b2d9125068f063cb997aad42ffd1d915e56,https://www.pexels.com/photo/portrait-of-a-man-in-a-striped-shirt-outdoors-39295178/,https://images.pexels.com/photos/39295178/pexels-photo-39295178.jpeg,Pexels License (https://www.pexels.com/license/),Jibin Yesudasan,https://www.pexels.com/@jibin-yesudasan-2153859944,outdoor portrait person,mediocre,3000,4000,data/images/0786231d221d41072f47ffecede36b2d9125068f063cb997aad42ffd1d915e56.jpeg
3303513e2050761cc571dfb3c8f39c30a29b2d53d6d0644880b803b2fc43234f,https://www.pexels.com/photo/portrait-of-a-young-woman-with-curly-hair-outdoors-33503163/,https://images.pexels.com/photos/33503163/pexels-photo-33503163.jpeg,Pexels License (https://www.pexels.com/license/),Michael Obstoj,https://www.pexels.com/@michael-obstoj-1772571864,outdoor portrait person,mediocre,4349,6523,data/images/3303513e2050761cc571dfb3c8f39c30a29b2d53d6d0644880b803b2fc43234f.jpeg
579271e3e7a30fec19141d9d625ebdb18a4d5fbb60b26b2ef2573c4ac39b91bb,https://www.pexels.com/photo/portrait-of-a-young-man-in-sunglasses-outdoors-38625875/,https://images.pexels.com/photos/38625875/pexels-photo-38625875.jpeg,Pexels License (https://www.pexels.com/license/),Ayush,https://www.pexels.com/@ayush-2157929320,outdoor portrait person,mediocre,3456,5184,data/images/579271e3e7a30fec19141d9d625ebdb18a4d5fbb60b26b2ef2573c4ac39b91bb.jpeg
8b8a165506cc307a7202a0d0edf1818dd4041aaa2423f188ebbe7da71ee3ec65,https://www.pexels.com/photo/portrait-of-smiling-woman-in-denim-jacket-at-night-39598425/,https://images.pexels.com/photos/39598425/pexels-photo-39598425.jpeg,Pexels License (https://www.pexels.com/license/),Elka Elias,https://www.pexels.com/@elka-elias-2164032779,outdoor portrait person,mediocre,3648,5472,data/images/8b8a165506cc307a7202a0d0edf1818dd4041aaa2423f188ebbe7da71ee3ec65.jpeg
5a82cf11d84b0b21950dcea12c27042266ad030b777d2e11d31bc3803bd47a65,https://www.pexels.com/photo/girl-in-black-dungaree-and-orange-shirt-sitting-of-grass-field-1140788/,https://images.pexels.com/photos/1140788/pexels-photo-1140788.jpeg,Pexels License (https://www.pexels.com/license/),Chu Chup Hinh,https://www.pexels.com/@chuchuphinh,outdoor portrait person,mediocre,3648,5472,data/images/5a82cf11d84b0b21950dcea12c27042266ad030b777d2e11d31bc3803bd47a65.jpeg
467a9e86a6dde82469c67bb6e9b872d4dddb3bdea0302419e2cfa2adeb2e25ec,https://www.pexels.com/photo/woman-in-white-dress-near-green-leaves-13642256/,https://images.pexels.com/photos/13642256/pexels-photo-13642256.jpeg,Pexels License (https://www.pexels.com/license/),Connor Scott McManus,https://www.pexels.com/@connorscottmcmanus,outdoor portrait person,mediocre,4160,6240,data/images/467a9e86a6dde82469c67bb6e9b872d4dddb3bdea0302419e2cfa2adeb2e25ec.jpeg
64e2a670501df54722712e8360e614e741ff5d2c5beb42fef20e84ca4581456c,https://www.pexels.com/photo/man-wearing-jacket-sitting-on-a-fence-5920490/,https://images.pexels.com/photos/5920490/pexels-photo-5920490.jpeg,Pexels License (https://www.pexels.com/license/),cottonbro studio,https://www.pexels.com/@cottonbro,selfie person,mediocre,3739,5608,data/images/64e2a670501df54722712e8360e614e741ff5d2c5beb42fef20e84ca4581456c.jpeg
1742a83061b166d264619a17a16f3b80c1be069d39a5fb6dc4529ed7873e5786,https://www.pexels.com/photo/self-portrait-of-photographer-in-mirror-reflection-32809478/,https://images.pexels.com/photos/32809478/pexels-photo-32809478.jpeg,Pexels License (https://www.pexels.com/license/),Vakho Dolidze,https://www.pexels.com/@vakho-dolidze-1392009,selfie person,mediocre,2832,4256,data/images/1742a83061b166d264619a17a16f3b80c1be069d39a5fb6dc4529ed7873e5786.jpeg
1e69286ca49fa81bfe085755ee763522124d76a48c1a45766ee71dbdd871b717,https://www.pexels.com/photo/a-woman-taking-a-selfie-5587991/,https://images.pexels.com/photos/5587991/pexels-photo-5587991.jpeg,Pexels License (https://www.pexels.com/license/),Polina Tankilevitch,https://www.pexels.com/@polina-tankilevitch,selfie person,mediocre,2000,3000,data/images/1e69286ca49fa81bfe085755ee763522124d76a48c1a45766ee71dbdd871b717.jpeg
e0ae6b04d7389c4833e43781c54a4bb6f0446c08bb6bb24ad44eb416fd46ffb8,https://www.pexels.com/photo/black-and-white-portrait-with-smartphone-reflection-30675558/,https://images.pexels.com/photos/30675558/pexels-photo-30675558.jpeg,Pexels License (https://www.pexels.com/license/),Eyüpcan Timur,https://www.pexels.com/@eyupcan-timur-424989336,selfie person,mediocre,4000,6000,data/images/e0ae6b04d7389c4833e43781c54a4bb6f0446c08bb6bb24ad44eb416fd46ffb8.jpeg
8482413d602a0923fad8e4fde2c9746046e8ebffef6871669d8b1e8c3494776d,https://www.pexels.com/photo/woman-in-gray-bathrobe-holding-iphone-6-3846160/,https://images.pexels.com/photos/3846160/pexels-photo-3846160.jpeg,Pexels License (https://www.pexels.com/license/),Anna Shvets,https://www.pexels.com/@shvetsa,selfie person,mediocre,4000,6000,data/images/8482413d602a0923fad8e4fde2c9746046e8ebffef6871669d8b1e8c3494776d.jpeg
abed519e252891c79c59af745732feb186204d7491d1032d7b1a779fa86b3db6,https://www.pexels.com/photo/woman-in-headphones-taking-pictures-with-camera-19515872/,https://images.pexels.com/photos/19515872/pexels-photo-19515872.jpeg,Pexels License (https://www.pexels.com/license/),Aleksandra  Larry,https://www.pexels.com/@aleksandra-larry-77353944,selfie person,mediocre,4000,6000,data/images/abed519e252891c79c59af745732feb186204d7491d1032d7b1a779fa86b3db6.jpeg
05d9026915a2ed9fa9cd1e12bf25abcf4b7226077c433d108246f834f86ac620,https://www.pexels.com/photo/smiling-man-taking-selfie-with-smartphone-outdoors-37195553/,https://images.pexels.com/photos/37195553/pexels-photo-37195553.jpeg,Pexels License (https://www.pexels.com/license/),Mariya Eskina,https://www.pexels.com/@mariya-eskina-555701080,selfie person,mediocre,4024,6048,data/images/05d9026915a2ed9fa9cd1e12bf25abcf4b7226077c433d108246f834f86ac620.jpeg
fa413e1f94cca53d4346c2ca7c3e3de7d069a094f6b61bd609fa9871b08c6101,https://www.pexels.com/photo/a-pretty-woman-smiling-at-the-smartphone-8173485/,https://images.pexels.com/photos/8173485/pexels-photo-8173485.jpeg,Pexels License (https://www.pexels.com/license/),Kampus Production,https://www.pexels.com/@kampus,selfie person,mediocre,4016,6016,data/images/fa413e1f94cca53d4346c2ca7c3e3de7d069a094f6b61bd609fa9871b08c6101.jpeg
11c4286bc9587dbea7ca422fb3232c4870e8c6210ce9fae9e513ca3d6d22f626,https://www.pexels.com/photo/smiling-woman-taking-selfie-with-vintage-camera-39283719/,https://images.pexels.com/photos/39283719/pexels-photo-39283719.jpeg,Pexels License (https://www.pexels.com/license/),Pexels LATAM,https://www.pexels.com/@pexels-latam-478514802,selfie person,mediocre,4672,7008,data/images/11c4286bc9587dbea7ca422fb3232c4870e8c6210ce9fae9e513ca3d6d22f626.jpeg
7b9d5d3b4ac058d362da25bc4fc5f642e86a5fb17f519b055b4aa55e7ca09f86,https://www.pexels.com/photo/young-man-taking-a-selfie-in-a-vintage-mirror-17333490/,https://images.pexels.com/photos/17333490/pexels-photo-17333490.jpeg,Pexels License (https://www.pexels.com/license/),Oktay Köseoğlu,https://www.pexels.com/@oktay-koseoglu-42034955,selfie person,mediocre,4012,6000,data/images/7b9d5d3b4ac058d362da25bc4fc5f642e86a5fb17f519b055b4aa55e7ca09f86.jpeg
d2ef57521e06af6a8076ba70369fb1aebfc2e62c38e23e76a9735f713d6d71b2,https://www.pexels.com/photo/young-woman-taking-a-mirror-selfie-16612373/,https://images.pexels.com/photos/16612373/pexels-photo-16612373.jpeg,Pexels License (https://www.pexels.com/license/),stayhereforu,https://www.pexels.com/@stayhereforu-216201233,selfie person,mediocre,2421,3543,data/images/d2ef57521e06af6a8076ba70369fb1aebfc2e62c38e23e76a9735f713d6d71b2.jpeg
f4fdc82458616769665a663b8b58f4c15ccea81671d907fd4417232dcb190c31,https://www.pexels.com/photo/monochrome-photo-of-man-wearing-cap-1484797/,https://images.pexels.com/photos/1484797/pexels-photo-1484797.jpeg,Pexels License (https://www.pexels.com/license/),Jimmy Jimmy,https://www.pexels.com/@jimmyjimmy,person smiling casual,mediocre,2292,2865,data/images/f4fdc82458616769665a663b8b58f4c15ccea81671d907fd4417232dcb190c31.jpeg
cc38e0d8e39109af4d509d8fae847d85aaa079a88b7008f0a99e40b27a631949,https://www.pexels.com/photo/photo-of-man-wearing-eyeglasses-3228887/,https://images.pexels.com/photos/3228887/pexels-photo-3228887.jpeg,Pexels License (https://www.pexels.com/license/),fauxels,https://www.pexels.com/@fauxels,person smiling casual,mediocre,4004,6000,data/images/cc38e0d8e39109af4d509d8fae847d85aaa079a88b7008f0a99e40b27a631949.jpeg
d33a556714d361692c461c8a004146b96d62217bbd41ec44ccc60f331d581e9a,https://www.pexels.com/photo/smiling-young-man-with-curly-hair-outdoors-31735315/,https://images.pexels.com/photos/31735315/pexels-photo-31735315.jpeg,Pexels License (https://www.pexels.com/license/),Everton Silva,https://www.pexels.com/@veveto,person smiling casual,mediocre,3072,4140,data/images/d33a556714d361692c461c8a004146b96d62217bbd41ec44ccc60f331d581e9a.jpeg
88d2a935f1d81d574f1b2c7ceb85d39f4272527bc16c74cbce3df949c64f7a57,https://www.pexels.com/photo/man-in-white-and-black-striped-shirt-with-black-framed-eyeglasses-6333501/,https://images.pexels.com/photos/6333501/pexels-photo-6333501.jpeg,Pexels License (https://www.pexels.com/license/),https://kaboompics.com/,https://www.pexels.com/@karola-g,person smiling casual,mediocre,4165,6247,data/images/88d2a935f1d81d574f1b2c7ceb85d39f4272527bc16c74cbce3df949c64f7a57.jpeg
47f3f4085b9994adcf5917c58b6226c22e66efb182869cc53fc49f518727064b,https://www.pexels.com/photo/portrait-of-smiling-man-in-casual-shirt-39087408/,https://images.pexels.com/photos/39087408/pexels-photo-39087408.jpeg,Pexels License (https://www.pexels.com/license/),Galib Rahman Nadim,https://www.pexels.com/@capturedbynadim,person smiling casual,mediocre,3072,4608,data/images/47f3f4085b9994adcf5917c58b6226c22e66efb182869cc53fc49f518727064b.jpeg
1d783f9df11eecd3fd6b0274cdeb77d0b12e98526d569a0867842b1fbf1b02c8,https://www.pexels.com/photo/portrait-of-a-woman-smiling-6634221/,https://images.pexels.com/photos/6634221/pexels-photo-6634221.jpeg,Pexels License (https://www.pexels.com/license/),https://kaboompics.com/,https://www.pexels.com/@karola-g,person smiling casual,mediocre,4480,6720,data/images/1d783f9df11eecd3fd6b0274cdeb77d0b12e98526d569a0867842b1fbf1b02c8.jpeg
1fbf0f335b8f38427876cfc1584f08cadce691275669d34c6a1639ce1be4c7b5,https://www.pexels.com/photo/portrait-of-smiling-man-in-casual-attire-38670596/,https://images.pexels.com/photos/38670596/pexels-photo-38670596.jpeg,Pexels License (https://www.pexels.com/license/),McFollis,https://www.pexels.com/@thisismcpeter,person smiling casual,mediocre,4480,6720,data/images/1fbf0f335b8f38427876cfc1584f08cadce691275669d34c6a1639ce1be4c7b5.jpeg
16875e6b76786e397019db12ff30b69eb9035a98d6483f0ce925a5cdf792e7a2,https://www.pexels.com/photo/smiling-man-in-casual-jacket-indoor-portrait-38590639/,https://images.pexels.com/photos/38590639/pexels-photo-38590639.jpeg,Pexels License (https://www.pexels.com/license/),Mike Signorelli,https://www.pexels.com/@mike-signorelli-2162950588,person smiling casual,mediocre,4480,6720,data/images/16875e6b76786e397019db12ff30b69eb9035a98d6483f0ce925a5cdf792e7a2.jpeg
7e9df796157a7530f35882273ea4f977f069567a264cdf9336db3ee80dadeb31,https://www.pexels.com/photo/portrait-photo-of-smiling-man-with-his-arms-crossed-standing-in-front-of-a-wall-2379004/,https://images.pexels.com/photos/2379004/pexels-photo-2379004.jpeg,Pexels License (https://www.pexels.com/license/),Italo Melo,https://www.pexels.com/@italo-melo-881954,person smiling casual,mediocre,1987,3000,data/images/7e9df796157a7530f35882273ea4f977f069567a264cdf9336db3ee80dadeb31.jpeg
d4e2bee60ee413ece77cc45bb95e86c2efc6325dcac7a7a0613ede769c45c351,https://www.pexels.com/photo/portrait-of-smiling-woman-at-night-16587035/,https://images.pexels.com/photos/16587035/pexels-photo-16587035.jpeg,Pexels License (https://www.pexels.com/license/),Marlon Alves,https://www.pexels.com/@marlon-alves-2016519,person smiling casual,mediocre,4000,6000,data/images/d4e2bee60ee413ece77cc45bb95e86c2efc6325dcac7a7a0613ede769c45c351.jpeg
f4df7e7b32c8229871e0e0d126624f5864a93bdeaf77e35df5273561a06bcb91,https://www.pexels.com/photo/a-man-smiling-wearing-polo-shirt-13870886/,https://images.pexels.com/photos/13870886/pexels-photo-13870886.jpeg,Pexels License (https://www.pexels.com/license/),Matheus Bertelli,https://www.pexels.com/@bertellifotografia,person smiling casual,mediocre,3497,5245,data/images/f4df7e7b32c8229871e0e0d126624f5864a93bdeaf77e35df5273561a06bcb91.jpeg
566ce03969fd6a5386f15d24621c8cd17667afb2aeda78e8b9406fc3fb465dc0,https://www.pexels.com/photo/girl-friends-sitting-on-a-couch-and-hugging-at-a-birthday-party-7336946/,https://images.pexels.com/photos/7336946/pexels-photo-7336946.jpeg,Pexels License (https://www.pexels.com/license/),Polina Tankilevitch,https://www.pexels.com/@polina-tankilevitch,group of friends photo,bad,2000,3000,data/images/566ce03969fd6a5386f15d24621c8cd17667afb2aeda78e8b9406fc3fb465dc0.jpeg
1f11775ba7acbbb743eac81c3a8fe3bc86e78ba8f45ae97d4b4aaee01e1b28a5,https://www.pexels.com/photo/group-of-young-women-smiling-together-35696304/,https://images.pexels.com/photos/35696304/pexels-photo-35696304.jpeg,Pexels License (https://www.pexels.com/license/),bishenova,https://www.pexels.com/@bishenova-1148603742,group of friends photo,bad,2627,4669,data/images/1f11775ba7acbbb743eac81c3a8fe3bc86e78ba8f45ae97d4b4aaee01e1b28a5.jpeg
46479e638316cbaeb316dfaab3de804206deb06b09f964dd32885c2889b3e845,https://www.pexels.com/photo/casual-group-portrait-of-friends-in-studio-33167550/,https://images.pexels.com/photos/33167550/pexels-photo-33167550.jpeg,Pexels License (https://www.pexels.com/license/),Karan Mridha,https://www.pexels.com/@karan-mridha-17124288,group of friends photo,bad,4000,6000,data/images/46479e638316cbaeb316dfaab3de804206deb06b09f964dd32885c2889b3e845.jpeg
ecdda7341054535c97e18ee610e9fe29a8ed4d9c648dcf6675e6cc00b4302b33,https://www.pexels.com/photo/group-of-smiling-friends-10423579/,https://images.pexels.com/photos/10423579/pexels-photo-10423579.jpeg,Pexels License (https://www.pexels.com/license/),HONG SON,https://www.pexels.com/@hson,group of friends photo,bad,3514,5271,data/images/ecdda7341054535c97e18ee610e9fe29a8ed4d9c648dcf6675e6cc00b4302b33.jpeg
d80205beef57942c54dca9be9b032ca2216c3ab1dd258ceb261744cf29ac437e,https://www.pexels.com/photo/men-and-woman-posing-on-motorcycle-5246558/,https://images.pexels.com/photos/5246558/pexels-photo-5246558.jpeg,Pexels License (https://www.pexels.com/license/),Halem Mumtaz Mahal,https://www.pexels.com/@halem-mumtaz-mahal-1434374,group of friends photo,bad,3024,4032,data/images/d80205beef57942c54dca9be9b032ca2216c3ab1dd258ceb261744cf29ac437e.jpeg
6d2fe6551e3cc3dcb6476119de20e1201b4310dd95e7ab27e5239400322f79b3,https://www.pexels.com/photo/person-in-yellow-long-sleeves-taking-a-photo-using-a-black-camera-9943301/,https://images.pexels.com/photos/9943301/pexels-photo-9943301.jpeg,Pexels License (https://www.pexels.com/license/),cottonbro studio,https://www.pexels.com/@cottonbro,group of friends photo,bad,2333,3500,data/images/6d2fe6551e3cc3dcb6476119de20e1201b4310dd95e7ab27e5239400322f79b3.jpeg
67a966b1ffd84cc429db69b5fa57db7c02cd7e8953f88a09219d4c10d4a6e85c,https://www.pexels.com/photo/polaroid-photo-of-friends-3228729/,https://images.pexels.com/photos/3228729/pexels-photo-3228729.jpeg,Pexels License (https://www.pexels.com/license/),fauxels,https://www.pexels.com/@fauxels,group of friends photo,bad,4000,6000,data/images/67a966b1ffd84cc429db69b5fa57db7c02cd7e8953f88a09219d4c10d4a6e85c.jpeg
32d1b4a442930b32465dc0f29445bb2fbd7392920a29a3901795595d9f308a6e,https://www.pexels.com/photo/diverse-group-of-friends-posing-in-studio-33167533/,https://images.pexels.com/photos/33167533/pexels-photo-33167533.jpeg,Pexels License (https://www.pexels.com/license/),Karan Mridha,https://www.pexels.com/@karan-mridha-17124288,group of friends photo,bad,4000,6000,data/images/32d1b4a442930b32465dc0f29445bb2fbd7392920a29a3901795595d9f308a6e.jpeg
57d7543608731888d645c3aca578d927f861113b49e9c7d656ec9f91d6014ca9,https://www.pexels.com/photo/close-up-shot-of-a-woman-holding-a-sun-glasses-8989491/,https://images.pexels.com/photos/8989491/pexels-photo-8989491.jpeg,Pexels License (https://www.pexels.com/license/),Alena Darmel,https://www.pexels.com/@a-darmel,person sunglasses,bad,3360,5040,data/images/57d7543608731888d645c3aca578d927f861113b49e9c7d656ec9f91d6014ca9.jpeg
5fab5b59de40c3e38115091b6b3e066a12d21196edd5605493841f75087c7b3b,https://www.pexels.com/photo/woman-in-sunglasses-5075378/,https://images.pexels.com/photos/5075378/pexels-photo-5075378.jpeg,Pexels License (https://www.pexels.com/license/),Najafi Photos,https://www.pexels.com/@najafi,person sunglasses,bad,2861,4292,data/images/5fab5b59de40c3e38115091b6b3e066a12d21196edd5605493841f75087c7b3b.jpeg
bce9f01fccc97439144c572f39e7fb9fd07d7b22793996d2d97eb0d6b2ce05f5,https://www.pexels.com/photo/woman-with-short-hair-5075386/,https://images.pexels.com/photos/5075386/pexels-photo-5075386.jpeg,Pexels License (https://www.pexels.com/license/),Najafi Photos,https://www.pexels.com/@najafi,person sunglasses,bad,2840,4260,data/images/bce9f01fccc97439144c572f39e7fb9fd07d7b22793996d2d97eb0d6b2ce05f5.jpeg
a8c27db353b5e05e0710cd04258a805101eb217a0efcf7be71bd885a0c0f431a,https://www.pexels.com/photo/a-man-in-white-crew-neck-shirt-wearing-sunglasses-13733576/,https://images.pexels.com/photos/13733576/pexels-photo-13733576.jpeg,Pexels License (https://www.pexels.com/license/),Samuel Reid,https://www.pexels.com/@samuel-reid-2297447,person sunglasses,bad,3064,4330,data/images/a8c27db353b5e05e0710cd04258a805101eb217a0efcf7be71bd885a0c0f431a.jpeg
97b0f6cb04a40b42d645c372b2e8c5fed2af5555fe80a03ae74ddb778f27dbff,https://www.pexels.com/photo/fashionable-man-in-sunglasses-and-polo-shirt-29381847/,https://images.pexels.com/photos/29381847/pexels-photo-29381847.jpeg,Pexels License (https://www.pexels.com/license/),GlassesShop GS,https://www.pexels.com/@glassesshop-gs-1317359316,person sunglasses,bad,3912,4889,data/images/97b0f6cb04a40b42d645c372b2e8c5fed2af5555fe80a03ae74ddb778f27dbff.jpeg
58dd118a8a486d30fd3630ba5661a5b4a10e0c2baabd8b43e895c5517f1cf1b9,https://www.pexels.com/photo/a-black-and-white-photo-of-a-boy-wearing-a-pair-of-glasses-28202694/,https://images.pexels.com/photos/28202694/pexels-photo-28202694.jpeg,Pexels License (https://www.pexels.com/license/),MOB DOBZ,https://www.pexels.com/@mobi3333,person sunglasses,bad,3024,4032,data/images/58dd118a8a486d30fd3630ba5661a5b4a10e0c2baabd8b43e895c5517f1cf1b9.jpeg
d18f0451d135ddef2085f0ffe3af8433c4f2b18401773d7c9aee224ba7d4fe10,https://www.pexels.com/photo/stylish-man-with-sunglasses-and-halo-effect-31569208/,https://images.pexels.com/photos/31569208/pexels-photo-31569208.jpeg,Pexels License (https://www.pexels.com/license/),Atahan Demir,https://www.pexels.com/@atahandemir,person sunglasses,bad,4160,6240,data/images/d18f0451d135ddef2085f0ffe3af8433c4f2b18401773d7c9aee224ba7d4fe10.jpeg
0c9d717c71c24d3ce33141f1cc7c42c3d88b1c2d0e0560a60ed7e09eeda9568b,https://www.pexels.com/photo/photo-of-a-man-wearing-sunglasses-12587669/,https://images.pexels.com/photos/12587669/pexels-photo-12587669.jpeg,Pexels License (https://www.pexels.com/license/),Zaid Ahmed,https://www.pexels.com/@zaid-ahmed-80609047,person sunglasses,bad,2304,3456,data/images/0c9d717c71c24d3ce33141f1cc7c42c3d88b1c2d0e0560a60ed7e09eeda9568b.jpeg
7146773d33e84fa2876667a91f57106655de9c71d55f5e594a59789f01de06fd,https://www.pexels.com/photo/a-blurry-image-of-a-person-walking-near-glass-door-14665215/,https://images.pexels.com/photos/14665215/pexels-photo-14665215.jpeg,Pexels License (https://www.pexels.com/license/),M.Emin  BİLİR,https://www.pexels.com/@travelerchitect,blurry motion person,bad,4177,6266,data/images/7146773d33e84fa2876667a91f57106655de9c71d55f5e594a59789f01de06fd.jpeg
e1aac09186b69da33150ef0434f60f1ac311d11218f86cc4c217b805d877ea07,https://www.pexels.com/photo/grayscale-photo-of-a-person-standing-beside-wall-11502642/,https://images.pexels.com/photos/11502642/pexels-photo-11502642.jpeg,Pexels License (https://www.pexels.com/license/),Kassandre Pedro,https://www.pexels.com/@kadaaran,blurry motion person,bad,1830,2728,data/images/e1aac09186b69da33150ef0434f60f1ac311d11218f86cc4c217b805d877ea07.jpeg
2fa6041f79be3596ebbc7b8198aaa06018cef95b4615789d88359a4db1e491dd,https://www.pexels.com/photo/blurry-photograph-of-a-woman-10315129/,https://images.pexels.com/photos/10315129/pexels-photo-10315129.jpeg,Pexels License (https://www.pexels.com/license/),Marina Gr,https://www.pexels.com/@marina-gr-109305987,blurry motion person,bad,2848,4288,data/images/2fa6041f79be3596ebbc7b8198aaa06018cef95b4615789d88359a4db1e491dd.jpeg
f096a5b7f81c403129cda59f0e5642fc0ce76902e5f1e9f6c87d5bd7c3135bf6,https://www.pexels.com/photo/man-in-black-dress-shirt-sitting-on-chair-9065092/,https://images.pexels.com/photos/9065092/pexels-photo-9065092.jpeg,Pexels License (https://www.pexels.com/license/),cottonbro studio,https://www.pexels.com/@cottonbro,blurry motion person,bad,3988,5982,data/images/f096a5b7f81c403129cda59f0e5642fc0ce76902e5f1e9f6c87d5bd7c3135bf6.jpeg
35e082224543723cdaec34f6df8bd54bb3dd0c876269b056d39f4e5e1fbc12ec,https://www.pexels.com/photo/double-exposure-of-a-person-moving-11719550/,https://images.pexels.com/photos/11719550/pexels-photo-11719550.jpeg,Pexels License (https://www.pexels.com/license/),Nishant Das,https://www.pexels.com/@nishantdas,blurry motion person,bad,3053,5428,data/images/35e082224543723cdaec34f6df8bd54bb3dd0c876269b056d39f4e5e1fbc12ec.jpeg
60f47c55ce90df114e30204ad3ef2186ee5f28329b5cfaf1c68169560d07219d,https://www.pexels.com/photo/blurred-motion-of-a-person-running-13636369/,https://images.pexels.com/photos/13636369/pexels-photo-13636369.jpeg,Pexels License (https://www.pexels.com/license/),Dmitry Daltonik,https://www.pexels.com/@dmitry-daltonik-125803229,blurry motion person,bad,2730,4096,data/images/60f47c55ce90df114e30204ad3ef2186ee5f28329b5cfaf1c68169560d07219d.jpeg
f06f4f49a65f9ade5bd88e93bf609a1d8d6f7e18be357970e513f973a3359fc7,https://www.pexels.com/photo/monochrome-photo-of-a-person-10809690/,https://images.pexels.com/photos/10809690/pexels-photo-10809690.jpeg,Pexels License (https://www.pexels.com/license/),Christina Chekhomova,https://www.pexels.com/@chehomova-ph,blurry motion person,bad,3712,5568,data/images/f06f4f49a65f9ade5bd88e93bf609a1d8d6f7e18be357970e513f973a3359fc7.jpeg
efba03432b7d6b240ac742b219bc0bada8e75dd15f8cb50628788c61f4e131b7,https://www.pexels.com/photo/grayscale-photograph-of-a-woman-7699983/,https://images.pexels.com/photos/7699983/pexels-photo-7699983.jpeg,Pexels License (https://www.pexels.com/license/),Delia Rayma,https://www.pexels.com/@delilah,blurry motion person,bad,4000,6000,data/images/efba03432b7d6b240ac742b219bc0bada8e75dd15f8cb50628788c61f4e131b7.jpeg
189110ddce458028e2d0984c6f97886467dfc930532b1cae1a7d4bd2f36cfbc9,https://www.pexels.com/photo/pictures-from-birthday-party-7337079/,https://images.pexels.com/photos/7337079/pexels-photo-7337079.jpeg,Pexels License (https://www.pexels.com/license/),Polina Tankilevitch,https://www.pexels.com/@polina-tankilevitch,party photo people,bad,2000,3000,data/images/189110ddce458028e2d0984c6f97886467dfc930532b1cae1a7d4bd2f36cfbc9.jpeg
6132d6c4b5dc376ef96c2edeaddc93b099046dd95a9d4264651fb2b494760685,https://www.pexels.com/photo/lively-friends-birthday-party-celebration-photo-by-alexander-mass-32333372/,https://images.pexels.com/photos/32333372/pexels-photo-32333372.jpeg,Pexels License (https://www.pexels.com/license/),Pexels,https://www.pexels.com/@pexels,party photo people,bad,4160,5004,data/images/6132d6c4b5dc376ef96c2edeaddc93b099046dd95a9d4264651fb2b494760685.jpeg
fe7a13c2205595295fc30e9307248e0da046e5b3eb87ae1fb2878580a242f044,https://www.pexels.com/photo/joyful-indoor-celebration-with-friends-33038887/,https://images.pexels.com/photos/33038887/pexels-photo-33038887.jpeg,Pexels License (https://www.pexels.com/license/),Alexander Mass,https://www.pexels.com/@rebornfilmes,party photo people,bad,4160,6240,data/images/fe7a13c2205595295fc30e9307248e0da046e5b3eb87ae1fb2878580a242f044.jpeg
806a32b097053b01f1c9b50645039d7fccc212c1e0d361027cd6d816b21481e3,https://www.pexels.com/photo/young-adults-celebrating-at-indoor-party-33038879/,https://images.pexels.com/photos/33038879/pexels-photo-33038879.jpeg,Pexels License (https://www.pexels.com/license/),Alexander Mass,https://www.pexels.com/@rebornfilmes,party photo people,bad,4160,5146,data/images/806a32b097053b01f1c9b50645039d7fccc212c1e0d361027cd6d816b21481e3.jpeg
41ee72ce547b74065c3df75380d667a3932096e5369421926f26384da85bcfe9,https://www.pexels.com/photo/a-group-of-people-taking-a-groupfie-7180891/,https://images.pexels.com/photos/7180891/pexels-photo-7180891.jpeg,Pexels License (https://www.pexels.com/license/),Pavel Danilyuk,https://www.pexels.com/@pavel-danilyuk,party photo people,bad,3875,5805,data/images/41ee72ce547b74065c3df75380d667a3932096e5369421926f26384da85bcfe9.jpeg
8ac5ae20d5e4b0b0d6a5568bae0b1d8ef82d172ff520f5379aafaecf53e61ebf,https://www.pexels.com/photo/group-celebrating-birthday-indoors-in-jakarta-35211220/,https://images.pexels.com/photos/35211220/pexels-photo-35211220.jpeg,Pexels License (https://www.pexels.com/license/),ds rexy,https://www.pexels.com/@ds-rexy-2154705051,party photo people,bad,4672,7008,data/images/8ac5ae20d5e4b0b0d6a5568bae0b1d8ef82d172ff520f5379aafaecf53e61ebf.jpeg
350a33cd39041e7cb92663e41791c2b61c43f290f1e4b3a010df59894d915a94,https://www.pexels.com/photo/photo-of-people-gathering-together-3414186/,https://images.pexels.com/photos/3414186/pexels-photo-3414186.jpeg,Pexels License (https://www.pexels.com/license/),Luís Antônio De Lima Guimarães,https://www.pexels.com/@luis-antonio-de-lima-guimaraes-1834294,party photo people,bad,2080,2468,data/images/350a33cd39041e7cb92663e41791c2b61c43f290f1e4b3a010df59894d915a94.jpeg
f7e28b3fa1e0a887912304cc9cfbe49fbe3da3ad8d3601fdc37513d0b172aa01,https://www.pexels.com/photo/a-woman-taking-pictures-using-a-smartphone-9244696/,https://images.pexels.com/photos/9244696/pexels-photo-9244696.jpeg,Pexels License (https://www.pexels.com/license/),Nikita Nikitin,https://www.pexels.com/@nikitaxnikitin,vacation photo person,bad,2720,4080,data/images/f7e28b3fa1e0a887912304cc9cfbe49fbe3da3ad8d3601fdc37513d0b172aa01.jpeg
3c25abe510fba4f55896578c1149782c37c435f2c45e768bca7cd85caeaeb672,https://www.pexels.com/photo/a-woman-taking-a-photo-at-the-beach-9318380/,https://images.pexels.com/photos/9318380/pexels-photo-9318380.jpeg,Pexels License (https://www.pexels.com/license/),Brunno Rodrigues,https://www.pexels.com/@brunno-rodrigues-98490907,vacation photo person,bad,2514,3352,data/images/3c25abe510fba4f55896578c1149782c37c435f2c45e768bca7cd85caeaeb672.jpeg
907c42b0234c53a5b9db20e9a0b4b6ac4a23e72161edb649c9d0aca3990e6d1e,https://www.pexels.com/photo/man-in-white-and-blue-hoodie-taking-photos-5072363/,https://images.pexels.com/photos/5072363/pexels-photo-5072363.jpeg,Pexels License (https://www.pexels.com/license/),Max Avans,https://www.pexels.com/@maxavans,vacation photo person,bad,4397,5496,data/images/907c42b0234c53a5b9db20e9a0b4b6ac4a23e72161edb649c9d0aca3990e6d1e.jpeg
e516d32f9b67bee16df90a394dafbc3fb11e3a286143170306b656b089c2b1f6,https://www.pexels.com/photo/a-man-in-hat-while-taking-photo-14638995/,https://images.pexels.com/photos/14638995/pexels-photo-14638995.jpeg,Pexels License (https://www.pexels.com/license/),Wellington Silva,https://www.pexels.com/@wellingtonsilva,vacation photo person,bad,4381,5476,data/images/e516d32f9b67bee16df90a394dafbc3fb11e3a286143170306b656b089c2b1f6.jpeg
879c08f5e5242ac098ffd7a889d1b5b317640a694a3a637277d9ed56b33afa96,https://www.pexels.com/photo/person-taking-photo-of-city-on-island-13850650/,https://images.pexels.com/photos/13850650/pexels-photo-13850650.jpeg,Pexels License (https://www.pexels.com/license/),Hatice Baran,https://www.pexels.com/@hatice-baran-153179658,vacation photo person,bad,4160,6240,data/images/879c08f5e5242ac098ffd7a889d1b5b317640a694a3a637277d9ed56b33afa96.jpeg
bfad0946423c2accc7b188b19ade0c84c07252843181b7356efb11c4dd7545b1,https://www.pexels.com/photo/woman-taking-photo-of-sunset-while-standing-on-boat-22807198/,https://images.pexels.com/photos/22807198/pexels-photo-22807198.jpeg,Pexels License (https://www.pexels.com/license/),Oktay Köseoğlu,https://www.pexels.com/@oktay-koseoglu-42034955,vacation photo person,bad,4011,6000,data/images/bfad0946423c2accc7b188b19ade0c84c07252843181b7356efb11c4dd7545b1.jpeg
40fbfb558c31e96f80ce3fc72f80b3ac253245a61c63a22f376d70604d30e251,https://www.pexels.com/photo/person-taking-photo-of-sea-on-cellphone-14031914/,https://images.pexels.com/photos/14031914/pexels-photo-14031914.jpeg,Pexels License (https://www.pexels.com/license/),Gizem ipekçi,https://www.pexels.com/@gizem-ipekci-315697147,vacation photo person,bad,3456,5184,data/images/40fbfb558c31e96f80ce3fc72f80b3ac253245a61c63a22f376d70604d30e251.jpeg
6fe8eb6149657bb543baf287d9deaadc6fe4df6209e49ed1ebbb601a54a71697,https://www.pexels.com/photo/man-taking-a-picture-in-a-side-view-mirror-18317928/,https://images.pexels.com/photos/18317928/pexels-photo-18317928.jpeg,Pexels License (https://www.pexels.com/license/),Orhan Pergel,https://www.pexels.com/@skylake,car selfie,bad,4000,6000,data/images/6fe8eb6149657bb543baf287d9deaadc6fe4df6209e49ed1ebbb601a54a71697.jpeg
0c3c41c3737903f58a387cedb1de61ee8b87594b3e4ddb2fa9dd161c86bb6437,https://www.pexels.com/photo/man-taking-a-photo-in-front-of-a-car-17835475/,https://images.pexels.com/photos/17835475/pexels-photo-17835475.jpeg,Pexels License (https://www.pexels.com/license/),Mustapha Damilola,https://www.pexels.com/@mustapha-damilola-458083529,car selfie,bad,4160,5856,data/images/0c3c41c3737903f58a387cedb1de61ee8b87594b3e4ddb2fa9dd161c86bb6437.jpeg
de4d83cc74b7b0768657b5effb19b35a7fce3a5ba89e47b3c2103ba9b0c32267,https://www.pexels.com/photo/person-sitting-on-car-in-parking-garage-evening-29369539/,https://images.pexels.com/photos/29369539/pexels-photo-29369539.jpeg,Pexels License (https://www.pexels.com/license/),𝓢𝓱𝓪𝓷𝓮 𝓦𝓮𝓼𝓽 ™,https://www.pexels.com/@107932638,car selfie,bad,4000,6000,data/images/de4d83cc74b7b0768657b5effb19b35a7fce3a5ba89e47b3c2103ba9b0c32267.jpeg
78c56fc8429c9b20ab87bee57ca96172d47b8b7d1ba333ec77636b9d5aa2cf39,https://www.pexels.com/photo/man-with-camera-reflection-in-car-mirror-16040002/,https://images.pexels.com/photos/16040002/pexels-photo-16040002.jpeg,Pexels License (https://www.pexels.com/license/),Doğu Tuncer,https://www.pexels.com/@dogu-tuncer-339534179,car selfie,bad,4000,6000,data/images/78c56fc8429c9b20ab87bee57ca96172d47b8b7d1ba333ec77636b9d5aa2cf39.jpeg
7b9e7fff86c1351cce5ba0fa3198cfeacccc4df6b4193d40903d15363f8a9ab0,https://www.pexels.com/photo/photographer-reflection-in-car-mirror-14298425/,https://images.pexels.com/photos/14298425/pexels-photo-14298425.jpeg,Pexels License (https://www.pexels.com/license/),Connor Scott McManus,https://www.pexels.com/@connorscottmcmanus,car selfie,bad,3791,5686,data/images/7b9e7fff86c1351cce5ba0fa3198cfeacccc4df6b4193d40903d15363f8a9ab0.jpeg
ebf32009f285bddbfb41cbe8da5ab5ee42b808a097f300a2019f41290aeacf35,https://www.pexels.com/photo/young-woman-taking-photo-in-mirror-of-car-5364219/,https://images.pexels.com/photos/5364219/pexels-photo-5364219.jpeg,Pexels License (https://www.pexels.com/license/),Lisa Fotios,https://www.pexels.com/@fotios-photos,car selfie,bad,3024,4032,data/images/ebf32009f285bddbfb41cbe8da5ab5ee42b808a097f300a2019f41290aeacf35.jpeg
f6b16627d36bcd777fc8959468c522b2aff99e6b23bfc0943ec5bc2622671144,https://www.pexels.com/photo/reflection-of-woman-with-camera-in-car-mirror-20182847/,https://images.pexels.com/photos/20182847/pexels-photo-20182847.jpeg,Pexels License (https://www.pexels.com/license/),Kamryn Collins,https://www.pexels.com/@kamryn-collins-634834690,car selfie,bad,4000,6000,data/images/f6b16627d36bcd777fc8959468c522b2aff99e6b23bfc0943ec5bc2622671144.jpeg
679c0ec927a9d3836972e5497dc1efd62b4f63b27ea19cbc244a301ee3562dc8,https://www.pexels.com/photo/desert-silhouette-portrait-16513358/,https://images.pexels.com/photos/16513358/pexels-photo-16513358.jpeg,Pexels License (https://www.pexels.com/license/),Moaz Tobok,https://www.pexels.com/@moaztobok,profile silhouette,edge,3840,5760,data/images/679c0ec927a9d3836972e5497dc1efd62b4f63b27ea19cbc244a301ee3562dc8.jpeg
2a8cae4396f438195c261911698931e11360738652bd5e7b463af4248ee7f8f6,https://www.pexels.com/photo/grayscale-photography-of-person-with-curly-hair-3103241/,https://images.pexels.com/photos/3103241/pexels-photo-3103241.jpeg,Pexels License (https://www.pexels.com/license/),George Shervashidze,https://www.pexels.com/@automnenoble,profile silhouette,edge,2848,4272,data/images/2a8cae4396f438195c261911698931e11360738652bd5e7b463af4248ee7f8f6.jpeg
9a099e71fe0649e28d16a32e8865be8225b4dfbbacf6963719b3029b268ed919,https://www.pexels.com/photo/dramatic-silhouette-of-a-person-in-profile-view-35431171/,https://images.pexels.com/photos/35431171/pexels-photo-35431171.jpeg,Pexels License (https://www.pexels.com/license/),Zoe Galarza,https://www.pexels.com/@zoe-galarza-2151579299,profile silhouette,edge,3985,4981,data/images/9a099e71fe0649e28d16a32e8865be8225b4dfbbacf6963719b3029b268ed919.jpeg
6af11dbe536a85d88091502161c07f9e72ce5557e6265847f8fe2e81f6e54209,https://www.pexels.com/photo/photograph-of-a-woman-s-shadow-6988493/,https://images.pexels.com/photos/6988493/pexels-photo-6988493.jpeg,Pexels License (https://www.pexels.com/license/),Ahmose Athena,https://www.pexels.com/@ahmose13,profile silhouette,edge,2896,4215,data/images/6af11dbe536a85d88091502161c07f9e72ce5557e6265847f8fe2e81f6e54209.jpeg
81e976482912d8040aa6ff008233bf7fd76efb626cf53c4fc46acc3d4e1c35a8,https://www.pexels.com/photo/side-view-of-man-taking-picture-7517841/,https://images.pexels.com/photos/7517841/pexels-photo-7517841.jpeg,Pexels License (https://www.pexels.com/license/),Leohoho,https://www.pexels.com/@leohoho,profile silhouette,edge,4000,6000,data/images/81e976482912d8040aa6ff008233bf7fd76efb626cf53c4fc46acc3d4e1c35a8.jpeg
2c762ccecbd1ab80e809bf3dd25740f587f265b417995c1845f6746c7ac493e8,https://www.pexels.com/photo/person-wearing-pexels-logo-black-cap-outdoors-33912149/,https://images.pexels.com/photos/33912149/pexels-photo-33912149.jpeg,Pexels License (https://www.pexels.com/license/),Mukhtar Shuaib Mukhtar,https://www.pexels.com/@akoonie,person wearing hat,edge,3529,4684,data/images/2c762ccecbd1ab80e809bf3dd25740f587f265b417995c1845f6746c7ac493e8.jpeg
1846d65d3b5fe446e2aa906ce56bc17061f54ed51681c6d0e2a96748f6416b80,https://www.pexels.com/photo/man-in-leather-hat-sitting-on-a-bus-38438660/,https://images.pexels.com/photos/38438660/pexels-photo-38438660.jpeg,Pexels License (https://www.pexels.com/license/),Taís Alves,https://www.pexels.com/@tais-alves-1765268295,person wearing hat,edge,3056,4080,data/images/1846d65d3b5fe446e2aa906ce56bc17061f54ed51681c6d0e2a96748f6416b80.jpeg
310a4260486f25a080d703467ac0d778ed5f8a8ce9b907f523a80f017fbc0b36,https://www.pexels.com/photo/face-of-man-in-cap-14552146/,https://images.pexels.com/photos/14552146/pexels-photo-14552146.jpeg,Pexels License (https://www.pexels.com/license/),Victor Chijioke,https://www.pexels.com/@victor-chijioke-350220031,person wearing hat,edge,2754,3848,data/images/310a4260486f25a080d703467ac0d778ed5f8a8ce9b907f523a80f017fbc0b36.jpeg
1c8d6a93c5c709818c72ebe65e66a4b24aec082462a9c758fb4ed1816f035b91,https://www.pexels.com/photo/man-in-brown-button-up-shirt-wearing-brown-hat-5928211/,https://images.pexels.com/photos/5928211/pexels-photo-5928211.jpeg,Pexels License (https://www.pexels.com/license/),Kh-ali-l i,https://www.pexels.com/@kh-ali-li,person wearing hat,edge,3423,4393,data/images/1c8d6a93c5c709818c72ebe65e66a4b24aec082462a9c758fb4ed1816f035b91.jpeg
5d88e8a6d9dd630afcd3eb1a7603ba6ec7c5e76292d852a981e6a6f4a3aa041d,https://www.pexels.com/photo/gun-batarken-27264404/,https://images.pexels.com/photos/27264404/pexels-photo-27264404.jpeg,Pexels License (https://www.pexels.com/license/),Ahmet Yurdakul,https://www.pexels.com/@ahmet-yurdakul-1569909431,person wearing hat,edge,4000,6000,data/images/5d88e8a6d9dd630afcd3eb1a7603ba6ec7c5e76292d852a981e6a6f4a3aa041d.jpeg
6a591b75fe51684a0023a135a87c1ed30e93c58563544352af4ff80c91ea4627,https://www.pexels.com/photo/grayscale-photo-of-a-beautiful-woman-6500631/,https://images.pexels.com/photos/6500631/pexels-photo-6500631.jpeg,Pexels License (https://www.pexels.com/license/),Alexander Krivitskiy,https://www.pexels.com/@krivitskiy,black and white portrait,edge,4017,6000,data/images/6a591b75fe51684a0023a135a87c1ed30e93c58563544352af4ff80c91ea4627.jpeg
63a4aaae21b54a8842ba87db2b54c1e654dd16832b4eea21e8dc8b145651b0e8,https://www.pexels.com/photo/grayscale-photo-of-a-woman-14862030/,https://images.pexels.com/photos/14862030/pexels-photo-14862030.jpeg,Pexels License (https://www.pexels.com/license/),Alexander Krivitskiy,https://www.pexels.com/@krivitskiy,black and white portrait,edge,4683,6000,data/images/63a4aaae21b54a8842ba87db2b54c1e654dd16832b4eea21e8dc8b145651b0e8.jpeg
77bd45262e7524153ab4511799e180b8860fe789bb32c515629812e15aa52229,https://www.pexels.com/photo/blurry-photograph-of-a-woman-7699980/,https://images.pexels.com/photos/7699980/pexels-photo-7699980.jpeg,Pexels License (https://www.pexels.com/license/),Delia Rayma,https://www.pexels.com/@delilah,black and white portrait,edge,4000,6000,data/images/77bd45262e7524153ab4511799e180b8860fe789bb32c515629812e15aa52229.jpeg
c01c626ced30d9f99aae7a50d85ba506cd2ffe84f4eb2a01b9ebb3298fe9a2a1,https://www.pexels.com/photo/grayscale-photo-of-woman-in-tank-top-looking-at-camera-5388501/,https://images.pexels.com/photos/5388501/pexels-photo-5388501.jpeg,Pexels License (https://www.pexels.com/license/),Ankita Manik,https://www.pexels.com/@ankita-manik-847461,black and white portrait,edge,4000,6000,data/images/c01c626ced30d9f99aae7a50d85ba506cd2ffe84f4eb2a01b9ebb3298fe9a2a1.jpeg
0250d1a9321d85b84383e5d36fe22ffc51db119aec2ada39012d01a717842c78,https://www.pexels.com/photo/elegant-black-and-white-portrait-of-a-woman-outdoors-34994795/,https://images.pexels.com/photos/34994795/pexels-photo-34994795.jpeg,Pexels License (https://www.pexels.com/license/),Sunannya Das,https://www.pexels.com/@sunannya-das-2153820033,black and white portrait,edge,3411,5116,data/images/0250d1a9321d85b84383e5d36fe22ffc51db119aec2ada39012d01a717842c78.jpeg
